cluster,median_asw,Method
Batch,0.0282419314681441,JIVE
Group,0.04930925570402565,JIVE
