cluster,median_asw,Method
Batch,0.0012997769062263586,JIVE
Group,0.04778955897869523,JIVE
