Method,sample_size,median_rr
Harmony,0.05,0.6524064171122995
Harmony,0.1,0.713903743315508
Harmony,0.15000000000000002,0.7005347593582888
Harmony,0.2,0.6898395721925134
Harmony,0.25,0.6684491978609626
