Method,sample_size,median_rr
Harmony,0.05,0.531496062992126
Harmony,0.1,0.5452755905511811
Harmony,0.15000000000000002,0.5078740157480315
Harmony,0.2,0.4822834645669291
Harmony,0.25,0.468503937007874
