Method,sample_size,median_rr
Harmony,0.05,0.6577540106951871
Harmony,0.1,0.7272727272727273
Harmony,0.15000000000000002,0.7219251336898396
Harmony,0.2,0.7112299465240641
Harmony,0.25,0.6898395721925134
