Method,sample_size,median_rr
JIVE,0.05,0.484251968503937
JIVE,0.1,0.5669291338582677
JIVE,0.15000000000000002,0.6141732283464567
JIVE,0.2,0.6023622047244095
JIVE,0.25,0.5984251968503937
