Method,sample_size,median_rr
JIVE,0.05,0.6310160427807486
JIVE,0.1,0.6951871657754011
JIVE,0.15000000000000002,0.7165775401069518
JIVE,0.2,0.7379679144385026
JIVE,0.25,0.7433155080213903
