Method,sample_size,median_rr
JIVE,0.05,0.28500000000000003
JIVE,0.1,0.33
JIVE,0.15000000000000002,0.34
JIVE,0.2,0.47
JIVE,0.25,0.48
