Method,sample_size,median_rr
JIVE,0.05,0.39037433155080214
JIVE,0.1,0.5187165775401069
JIVE,0.15000000000000002,0.5427807486631016
JIVE,0.2,0.5855614973262032
JIVE,0.25,0.6042780748663101
