Method,sample_size,median_rr
Raw,0.05,0.8288770053475936
Raw,0.1,0.8770053475935828
Raw,0.15000000000000002,0.893048128342246
Raw,0.2,0.893048128342246
Raw,0.25,0.8877005347593583
