Method,sample_size,median_rr
Raw,0.05,0.7086614173228346
Raw,0.1,0.7401574803149606
Raw,0.15000000000000002,0.7244094488188977
Raw,0.2,0.7244094488188977
Raw,0.25,0.7047244094488189
