Method,sample_size,median_rr
Raw,0.05,0.7433155080213903
Raw,0.1,0.7486631016042781
Raw,0.15000000000000002,0.7379679144385026
Raw,0.2,0.732620320855615
Raw,0.25,0.7058823529411765
