Method,sample_size,median_rr
Raw,0.05,0.8622047244094488
Raw,0.1,0.8740157480314961
Raw,0.15000000000000002,0.8740157480314961
Raw,0.2,0.8858267716535433
Raw,0.25,0.9015748031496063
