Method,sample_size,median_rr
Seurat,0.05,0.4862204724409449
Seurat,0.1,0.6653543307086615
Seurat,0.15000000000000002,0.7716535433070866
Seurat,0.2,0.84251968503937
Seurat,0.25,0.9015748031496063
