Method,sample_size,median_rr
Seurat,0.05,0.43700787401574803
Seurat,0.1,0.5649606299212598
Seurat,0.15000000000000002,0.6535433070866141
Seurat,0.2,0.7322834645669292
Seurat,0.25,0.7992125984251969
