Method,sample_size,median_rr
Seurat,0.05,0.5935828877005348
Seurat,0.1,0.6898395721925134
Seurat,0.15000000000000002,0.7540106951871658
Seurat,0.2,0.8074866310160428
Seurat,0.25,0.8449197860962567
