Method,sample_size,median_rr
Seurat,0.05,0.5039370078740157
Seurat,0.1,0.65748031496063
Seurat,0.15000000000000002,0.7874015748031497
Seurat,0.2,0.8700787401574803
Seurat,0.25,0.937007874015748
