cluster,median_asw,Method
Batch,0.013029168690220248,Seurat
Group,0.05645757731280668,Seurat
